threads,sum,avg,per_thread
1,284,284.0,[284]
1,236,236.0,[236]
1,286,286.0,[286]
1,246,246.0,[246]
4,638,159.5,[155, 153, 158, 172]
4,611,152.75,[161, 156, 152, 142]
4,573,143.25,[146, 138, 143, 146]
4,607,151.75,[150, 152, 158, 147]
8,829,103.625,[101, 100, 102, 112, 97, 112, 101, 104]
8,1048,131.0,[128, 129, 127, 129, 129, 132, 134, 140]
8,982,122.75,[124, 127, 123, 121, 121, 124, 124, 118]
8,1013,126.625,[124, 125, 124, 126, 136, 122, 135, 121]
12,1226,102.16666666666667,[101, 105, 102, 103, 98, 101, 100, 100, 104, 108, 100, 104]
12,1361,113.41666666666667,[109, 110, 118, 113, 115, 106, 115, 122, 114, 119, 103, 117]
12,1394,116.16666666666667,[121, 123, 120, 106, 121, 115, 111, 111, 118, 115, 119, 114]
12,1381,115.08333333333333,[121, 116, 112, 113, 118, 104, 114, 113, 119, 117, 119, 115]
16,1631,101.9375,[103, 103, 93, 104, 109, 98, 102, 96, 101, 102, 108, 101, 105, 100, 104, 102]
16,1629,101.8125,[97, 98, 99, 102, 103, 99, 104, 107, 102, 102, 97, 109, 98, 101, 106, 105]
16,1584,99.0,[102, 105, 100, 98, 87, 96, 110, 94, 92, 98, 101, 93, 99, 104, 100, 105]
16,1593,99.5625,[100, 98, 101, 106, 97, 102, 105, 91, 93, 110, 101, 107, 90, 98, 93, 101]
20,1819,90.95,[92, 90, 91, 94, 80, 94, 91, 94, 85, 91, 94, 91, 89, 85, 93, 95, 99, 93, 91, 87]
20,1877,93.85,[90, 92, 100, 97, 86, 92, 96, 99, 89, 94, 85, 90, 96, 100, 98, 97, 100, 88, 92, 96]
20,1669,83.45,[86, 87, 83, 85, 79, 82, 80, 87, 91, 83, 83, 79, 85, 80, 79, 77, 78, 90, 88, 87]
20,1756,87.8,[95, 91, 97, 86, 85, 84, 87, 89, 91, 88, 90, 89, 87, 83, 82, 95, 86, 84, 89, 78]
24,2131,88.79166666666667,[93, 86, 94, 86, 86, 82, 88, 83, 86, 93, 93, 84, 89, 85, 90, 96, 87, 92, 88, 95, 91, 87, 90, 87]
24,2093,87.20833333333333,[92, 86, 90, 89, 84, 86, 85, 88, 87, 84, 92, 89, 88, 83, 86, 88, 86, 86, 88, 87, 82, 90, 88, 89]
24,2131,88.79166666666667,[81, 91, 87, 95, 89, 78, 91, 96, 89, 89, 90, 83, 82, 91, 90, 87, 90, 92, 84, 92, 91, 93, 91, 89]
24,2132,88.83333333333333,[87, 92, 89, 91, 80, 84, 98, 91, 87, 87, 88, 89, 89, 90, 93, 93, 90, 88, 87, 88, 88, 85, 85, 93]
